<?xml version="1.0" ?>
<odoo>
    <data noupdate="1">
        <record id="helpdesk_type_1" model="helpdesk.ticket.type">
            <field name="name">Document issue</field>
            <field name="team_ids" eval="[(4, ref('helpdesk_mgmt.helpdesk_team_1'))]" />
        </record>
        <record id="helpdesk_mgmt.helpdesk_ticket_3" model="helpdesk.ticket">
            <field name="type_id" ref="helpdesk_type_1" />
        </record>
        <record id="helpdesk_mgmt.helpdesk_ticket_7" model="helpdesk.ticket">
            <field name="type_id" ref="helpdesk_type_1" />
        </record>
    </data>
</odoo>
